{"cameraMode":{"drawMode":0,"name":"Shaded","section":"Shading Mode"},"sceneLighting":true,"audioPlay":false,"sceneViewState":{"showFog":false,"showMaterialUpdate":false,"showSkybox":false,"showFlares":true,"showImageEffects":true,"showParticleSystems":true},"in2DMode":false,"pivot":{"x":-0.7397612929344177,"y":2.007946252822876,"z":-0.1495591700077057},"rotation":{"x":-0.029055755585432054,"y":0.9706343412399292,"z":-0.1559530347585678,"w":-0.18083980679512025},"size":11.92513656616211,"orthographic":false}